<?xml version="1.0" encoding="UTF-8"?>
<project-private xmlns="http://www.netbeans.org/ns/project-private/1">
    <editor-bookmarks xmlns="http://www.netbeans.org/ns/editor-bookmarks/2" lastBookmarkId="0"/>
    <open-files xmlns="http://www.netbeans.org/ns/projectui-open-files/2">
        <group>
            <file>file:/D:/belajar%20java/uts_visual/UTS_Pemogrman_Visual/src/config/KoneksiDB.java</file>
            <file>file:/D:/belajar%20java/uts_visual/UTS_Pemogrman_Visual/src/form/FormBiodata.java</file>
        </group>
    </open-files>
</project-private>
